name,domain,expected_bubble,ooda_verdict,ooda_quality,ooda_r2,ooda_latency_ms,ooda_is_bubble,tfs_verdict,tfs_quality,tfs_r2,tfs_latency_ms,tfs_iterations,tfs_acceptor_match,tfs_satisfaction,tfs_is_bubble,cascade_verdict,cascade_quality,cascade_r2,cascade_latency_ms,cascade_is_bubble,cascade_path,cascade_tfs_satisfaction
finance_btc_2017,finance,True,BUBBLE,0.7596640109864035,0.9789240988972014,3771.205099998042,True,BUBBLE,1.0,0.9789240988972014,89.16059997864068,1,True,1.0,True,BUBBLE,1.0,0.9789240988972014,88.21030001854524,True,tfs,0.0
finance_btc_2021,finance,True,BUBBLE,0.6329293650272744,0.7731133500477114,352.269500028342,True,BUBBLE,1.0,0.7731133500477114,95.9714999771677,1,True,1.0,True,BUBBLE,1.0,0.7731133500477114,94.63780000805855,True,tfs,0.0
finance_dotcom_2000,finance,True,BUBBLE,0.8043942923423378,0.9619399237712047,511.3151000114158,True,BUBBLE,1.0,0.9619399237712047,123.89239994809031,1,True,1.0,True,BUBBLE,1.0,0.9619399237712047,125.87810005061328,True,tfs,0.0
finance_tesla_2021,finance,True,NO_BUBBLE,0.20458301674085264,-68.47123687831309,341.7460999917239,False,NO_BUBBLE,0.1,-68.47123687831309,114.6687000291422,1,False,0.1,False,NO_BUBBLE,0.20458301674085264,-68.47123687831309,426.15590000059456,False,ooda_fallback,0.1
finance_china_2015,finance,True,BUBBLE,0.7400199181178877,0.9893519442307975,450.64260001527146,True,BUBBLE,1.0,0.9893519442307975,95.80710000591353,1,True,1.0,True,BUBBLE,1.0,0.9893519442307975,95.16480000456795,True,tfs,0.0
finance_sp500_2020,finance,True,NO_BUBBLE,0.0,0.0,125.35099999513477,False,NO_BUBBLE,0.1,-126.23405645339997,70.5360000138171,1,False,0.1,False,NO_BUBBLE,0.0,0.0,207.036700041499,False,ooda_fallback,0.1
finance_csco_2000,finance,True,NO_BUBBLE,0.28578929347679144,-3069.7946421320203,295.7225000136532,False,NO_BUBBLE,0.1,-3069.7946421320203,89.1766999848187,1,False,0.1,False,NO_BUBBLE,0.28578929347679144,-3069.7946421320203,417.24099998828024,False,ooda_fallback,0.1
finance_amzn_1999,finance,True,BUBBLE,0.7676953592275882,0.9462298009841572,457.7870999928564,True,BUBBLE,1.0,0.9462298009841572,111.5091000101529,1,True,1.0,True,BUBBLE,1.0,0.9462298009841572,114.82860002433881,True,tfs,0.0
finance_gme_2021,finance,True,BUBBLE,0.8633141620575254,0.948390485825332,327.3957999772392,True,NO_BUBBLE,0.1,-9108.180170879248,65.47919998411089,1,False,0.1,False,BUBBLE,0.8633141620575254,0.948390485825332,408.88429997721687,True,ooda_fallback,0.1
finance_eth_2021,finance,True,POSSIBLE,0.5138610661579363,0.8870874417914771,334.0654000057839,True,BUBBLE,1.0,0.8870874417914771,89.2689999891445,1,True,1.0,True,BUBBLE,1.0,0.8870874417914771,88.70640001259744,True,tfs,0.0
finance_sol_2021,finance,True,NO_BUBBLE,0.26399999999999996,-93.6599235391567,219.49230000609532,False,NO_BUBBLE,0.1,-93.6599235391567,76.83220005128533,1,False,0.1,False,NO_BUBBLE,0.26399999999999996,-93.6599235391567,305.3558000246994,False,ooda_fallback,0.1
finance_ctrl_sp500_2013_steady,finance,False,NO_BUBBLE,0.29478088167493793,-27.076096099205817,321.1110000265762,False,NO_BUBBLE,0.1,-27.076096099205817,98.49609999218956,1,False,0.1,False,NO_BUBBLE,0.29478088167493793,-27.076096099205817,399.55299999564886,False,ooda_fallback,0.1
finance_ctrl_btc_2019_sideways,finance,False,NO_BUBBLE,0.26399999999999996,-49.29736948475256,300.2291999873705,False,NO_BUBBLE,0.1,-49.29736948475256,77.51060003647581,1,False,0.1,False,NO_BUBBLE,0.26399999999999996,-49.29736948475256,341.1780000315048,False,ooda_fallback,0.1
finance_ctrl_nasdaq_2016_normal,finance,False,NO_BUBBLE,0.0,0.0,93.46800000639632,False,NO_BUBBLE,0.1,-16.583437929891968,71.46800000919029,1,False,0.1,False,NO_BUBBLE,0.0,0.0,165.04180000629276,False,ooda_fallback,0.1
finance_ctrl_gold_2022_range,finance,False,NO_BUBBLE,0.2517164483830928,-301.8604593995993,347.87100000539795,False,NO_BUBBLE,0.1,-301.8604593995993,72.34490005066618,1,False,0.1,False,NO_BUBBLE,0.2517164483830928,-301.8604593995993,406.7885000258684,False,ooda_fallback,0.1
finance_ctrl_tsla_2023_recovery,finance,False,NO_BUBBLE,0.2564832970477649,-28.68172178491245,331.42489998135716,False,NO_BUBBLE,0.1,-28.68172178491245,91.97730000596493,1,False,0.1,False,NO_BUBBLE,0.2564832970477649,-28.68172178491245,402.34079997753724,False,ooda_fallback,0.1
finance_ctrl_shanghai_2018_decline,finance,False,POSSIBLE,0.4183883395897622,0.9416195814353681,250.06789999315515,True,NO_BUBBLE,1.0,0.9416195814353681,94.80510000139475,1,True,1.0,False,NO_BUBBLE,1.0,0.9416195814353681,81.11959998495877,False,tfs,0.0
finance_ctrl_ko_2019_stable,finance,False,NO_BUBBLE,0.0,0.0,184.08360000466928,False,NO_BUBBLE,0.1,-69.04578701813172,138.33380001597106,1,False,0.1,False,NO_BUBBLE,0.0,0.0,240.5197999905795,False,ooda_fallback,0.1
finance_ctrl_jnj_2018_stable,finance,False,NO_BUBBLE,0.3470160066034504,0.8089159224121902,209.34090000810102,False,NO_BUBBLE,0.3,0.8089159224121902,72.91099999565631,1,False,0.3,False,NO_BUBBLE,0.3470160066034504,0.8089159224121902,272.7836000267416,False,ooda_fallback,0.3
finance_ctrl_spy_2017_normal,finance,False,BUBBLE,0.7059350532883224,0.9802999058339879,446.75539998570457,True,NO_BUBBLE,0.1,-207.67094692373504,68.47460003336892,1,False,0.1,False,BUBBLE,0.7059350532883224,0.9802999058339879,502.3485000128858,True,ooda_fallback,0.1
commodity_oil_2008,commodities,True,BUBBLE,0.7341071527488067,0.9756096802686532,432.57420003646985,True,BUBBLE,1.0,0.9756096802686532,100.85619997698814,1,True,1.0,True,BUBBLE,1.0,0.9756096802686532,104.25469995243475,True,tfs,0.0
commodity_gold_2011,commodities,True,BUBBLE,0.6793949503369797,0.9711894322136869,567.9302999633364,True,BUBBLE,1.0,0.9711894322136869,151.30169998155907,1,True,1.0,True,BUBBLE,1.0,0.9711894322136869,149.84430000185966,True,tfs,0.0
commodity_oil_2014,commodities,True,NO_BUBBLE,0.1478472814249976,0.04551154344617225,292.8169000078924,False,NO_BUBBLE,0.1,0.04551154344617225,97.33890002826229,1,False,0.1,False,NO_BUBBLE,0.1478472814249976,0.04551154344617225,389.61779995588586,False,ooda_fallback,0.1
commodity_silver_2011,commodities,True,BUBBLE,0.9049747928160845,0.9818870394373995,464.65459995670244,True,NO_BUBBLE,0.1,-1178.496108773603,93.67410000413656,1,False,0.1,False,BUBBLE,0.9049747928160845,0.9818870394373995,570.5189000000246,True,ooda_fallback,0.1
commodity_natgas_2022,commodities,True,BUBBLE,0.6106551225104286,0.905900665563798,384.88889997825027,True,BUBBLE,1.0,0.905900665563798,99.07549998024479,1,True,1.0,True,BUBBLE,1.0,0.905900665563798,99.25379999913275,True,tfs,0.0
commodity_wheat_2022,commodities,True,NO_BUBBLE,0.25,-317.5452521507146,231.41720000421628,False,NO_BUBBLE,0.1,-317.5452521507146,71.89249998191372,1,False,0.1,False,NO_BUBBLE,0.25,-317.5452521507146,306.37170001864433,False,ooda_fallback,0.1
commodity_ctrl_oil_2017_flat,commodities,False,POSSIBLE,0.5945759194311961,0.9357797570963641,366.5372999967076,True,NO_BUBBLE,0.1,-51.196879572047145,69.36030002543703,1,False,0.1,False,POSSIBLE,0.5945759194311961,0.9357797570963641,445.3300999593921,True,ooda_fallback,0.1
commodity_ctrl_gold_2019_stable,commodities,False,NO_BUBBLE,0.0,0.0,108.70149999391288,False,NO_BUBBLE,0.1,-4.944058935758148,94.65199999976903,1,False,0.1,False,NO_BUBBLE,0.0,0.0,199.07899998361245,False,ooda_fallback,0.1
commodity_ctrl_silver_2023_flat,commodities,False,NO_BUBBLE,0.18097491562601428,0.3780461245750957,263.54899996658787,False,NO_BUBBLE,0.1,0.3780461245750957,69.2943999893032,1,False,0.1,False,NO_BUBBLE,0.18097491562601428,0.3780461245750957,334.8029000335373,False,ooda_fallback,0.1
commodity_ctrl_natgas_2024_low,commodities,False,BUBBLE,0.603702794754688,0.7847636205927623,337.7619999810122,True,BUBBLE,1.0,0.7847636205927623,89.55079998122528,1,True,1.0,True,BUBBLE,1.0,0.7847636205927623,88.26029999181628,True,tfs,0.0
housing_az_2006,housing,True,NO_BUBBLE,0.17,-97.21305908231707,62.191200035158545,False,NO_BUBBLE,0.1,-97.21305908231707,61.03500002063811,1,False,0.1,False,NO_BUBBLE,0.17,-97.21305908231707,120.23870000848547,False,ooda_fallback,0.1
housing_nv_2006,housing,True,NO_BUBBLE,0.17,-121.5064208603541,62.26210005115718,False,NO_BUBBLE,0.1,-121.5064208603541,62.417800014372915,1,False,0.1,False,NO_BUBBLE,0.17,-121.5064208603541,123.70320002082735,False,ooda_fallback,0.1
housing_fl_2006,housing,True,NO_BUBBLE,0.17,-2412.733754789627,51.624099956825376,False,NO_BUBBLE,0.3,-2412.733754789627,52.72559996228665,1,False,0.3,False,NO_BUBBLE,0.17,-2412.733754789627,102.18250000616536,False,ooda_fallback,0.3
housing_ca_2006,housing,True,POSSIBLE,0.51,0.9884395827424631,48.38580003706738,True,NO_BUBBLE,0.6,0.9884395827424631,46.85380001319572,1,False,0.6,False,POSSIBLE,0.51,0.9884395827424631,93.36970001459122,True,ooda_fallback,0.6
housing_az_2022,housing,True,NO_BUBBLE,0.17,-97.18548635888897,52.49480000929907,False,NO_BUBBLE,0.1,-97.18548635888897,52.14540002634749,1,False,0.1,False,NO_BUBBLE,0.17,-97.18548635888897,106.44919995684177,False,ooda_fallback,0.1
housing_id_2022,housing,True,BUBBLE,0.7365121733015465,0.9952907473884174,187.01479997253045,True,BUBBLE,1.0,0.9952907473884174,50.199300050735474,1,True,1.0,True,BUBBLE,1.0,0.9952907473884174,49.18520001228899,True,tfs,0.0
housing_ctrl_tx_2015,housing,False,POSSIBLE,0.5750943166858405,0.9906724347219154,132.2920999955386,True,BUBBLE,1.0,0.9906724347219154,44.399800011888146,1,True,1.0,True,BUBBLE,1.0,0.9906724347219154,44.1247999551706,True,tfs,0.0
housing_ctrl_oh_2018,housing,False,NO_BUBBLE,0.37956601795581013,0.6423546464093131,162.2380000189878,False,POSSIBLE,0.3,0.6423546464093131,153.8058000151068,1,False,0.3,True,NO_BUBBLE,0.37956601795581013,0.6423546464093131,297.79649997362867,False,ooda_fallback,0.3
housing_ctrl_pa_2014,housing,False,NO_BUBBLE,0.17,-175.45946413474277,51.538500003516674,False,NO_BUBBLE,0.3,-175.45946413474277,49.677399976644665,1,False,0.3,False,NO_BUBBLE,0.17,-175.45946413474277,101.69589996803552,False,ooda_fallback,0.3
housing_ctrl_il_2016,housing,False,NO_BUBBLE,0.17,-200.42396137063403,58.24509996455163,False,NO_BUBBLE,0.3,-200.42396137063403,58.26429999433458,1,False,0.3,False,NO_BUBBLE,0.17,-200.42396137063403,116.18449998786673,False,ooda_fallback,0.3
adversarial_v_recovery,adversarial,False,NO_BUBBLE,0.0,0.0,90.04839998669922,False,NO_BUBBLE,0.3,0.9824702374743998,74.14720003725961,1,False,0.3,False,NO_BUBBLE,0.0,0.0,164.25169998547062,False,ooda_fallback,0.3
adversarial_monotonic_rally,adversarial,False,NO_BUBBLE,0.26399999999999996,-179.36946671581498,234.27810001885518,False,NO_BUBBLE,0.1,-179.36946671581498,60.91500003822148,1,False,0.1,False,NO_BUBBLE,0.26399999999999996,-179.36946671581498,297.35740000614896,False,ooda_fallback,0.1
adversarial_fake_oscillation,adversarial,False,NO_BUBBLE,0.0,0.0,92.62790001230314,False,NO_BUBBLE,0.1,0.0686479540379713,74.23410000046715,1,False,0.1,False,NO_BUBBLE,0.0,0.0,169.4664999959059,False,ooda_fallback,0.1
adversarial_regime_jump,adversarial,False,NO_BUBBLE,0.0,0.0,123.95579996518791,False,POSSIBLE,0.3,0.893931812778467,210.05289995810017,1,False,0.3,True,NO_BUBBLE,0.0,0.0,344.0933999954723,False,ooda_fallback,0.3
adversarial_real_lppls_signal,adversarial,True,BUBBLE,0.7526615914271425,0.9629247658702831,415.17520003253594,True,BUBBLE,1.0,0.9629247658702831,100.02429998712614,1,True,1.0,True,BUBBLE,1.0,0.9629247658702831,111.11030000029132,True,tfs,0.0
adversarial_high_vol_flat,adversarial,False,NO_BUBBLE,0.19210383863000496,-64.18699520970883,304.51350001385435,False,NO_BUBBLE,0.1,-64.18699520970883,89.53260001726449,1,False,0.1,False,NO_BUBBLE,0.19210383863000496,-64.18699520970883,374.63270005537197,False,ooda_fallback,0.1
forward_nvidia_2024,finance,True,BUBBLE,0.6827046670260498,0.9858496330577197,410.2176000014879,True,BUBBLE,1.0,0.9858496330577197,104.13610003888607,1,True,1.0,True,BUBBLE,1.0,0.9858496330577197,105.43529997812584,True,tfs,0.0
forward_nikkei_2024,finance,True,BUBBLE,0.639962039773236,0.9464455101510234,477.10830002324656,True,NO_BUBBLE,0.1,-7383.327642848441,88.54260004591197,1,False,0.1,False,BUBBLE,0.639962039773236,0.9464455101510234,573.2720000087284,True,ooda_fallback,0.1
forward_btc_2024,finance,True,BUBBLE,0.8002291468535423,0.9683388714759933,396.51880000019446,True,BUBBLE,1.0,0.9683388714759933,95.4873000155203,1,True,1.0,True,BUBBLE,1.0,0.9683388714759933,107.35070001101121,True,tfs,0.0
forward_ctrl_sp500_2024_steady,finance,False,NO_BUBBLE,0.21000202657815265,-16.128310653664197,238.94780001137406,False,NO_BUBBLE,0.1,-16.128310653664197,69.21390001662076,1,False,0.1,False,NO_BUBBLE,0.21000202657815265,-16.128310653664197,312.31789995217696,False,ooda_fallback,0.1
forward_ctrl_gold_2024_rise,finance,False,NO_BUBBLE,0.21000100019117432,-44.86824704411746,281.2908999621868,False,NO_BUBBLE,0.1,-44.86824704411746,77.6426000520587,1,False,0.1,False,NO_BUBBLE,0.21000100019117432,-44.86824704411746,371.49370001861826,False,ooda_fallback,0.1
forward_ctrl_msft_2024_stable,finance,False,NO_BUBBLE,0.0,0.0,140.36089996807277,False,POSSIBLE,0.6,0.5101873680926019,79.62530001532286,1,False,0.6,True,NO_BUBBLE,0.0,0.0,223.67979999398813,False,ooda_fallback,0.6
